Contact Full Name;Company;Pincode;Email;first name;Kaartnummer;Pincode
Davey;10;1231234123123;test@mail.com;Lydia;1231234123123;1231234123123
Davey Test 10;Mitchell;Agronomist;test@mail.com;Tony;1231234123123;1231234123123
Davey Test 100;Phillips;Chemist;test@mail.com;Sienna;1231234123123;1231234123123
Davey Test 11;Rogers;Interpreter;test@mail.com;Alexia;1231234123123;1231234123123
Davey Test 12;Crawford;Insurer;test@mail.com;Melissa;1231234123123;1231234123123
Davey Test 13;Edwards;Mechanic;test@mail.com;Briony;1231234123123;1231234123123
Davey Test 14;Johnston;Astronomer;test@mail.com;Derek;1231234123123;1231234123123
Davey Test 15;Gibson;Actor;test@mail.com;Emma;1231234123123;1231234123123
Davey Test 16;Grant;Pharmacist;test@mail.com;David;1231234123123;1231234123123
